Date,AAPL,SPY
2020-01-02,72.62084197998047,300.2916259765625
2020-01-03,71.91483306884766,298.01763916015625
2020-01-06,72.48785400390625,299.1546630859375
2020-01-07,72.14694213867188,298.3134765625
2020-01-08,73.30748748779297,299.9034118652344
2020-01-09,74.8646240234375,301.9368591308594
2020-01-10,75.03385925292969,301.0680236816406
2020-01-13,76.63692474365234,303.1385498046875
2020-01-14,75.6020736694336,302.6763916015625
2020-01-15,75.27806091308594,303.3604736328125
2020-01-16,76.2210464477539,305.8838195800781
2020-01-17,77.06488037109375,306.8360290527344
2020-01-21,76.5426254272461,306.2351379394531
2020-01-22,76.81584930419922,306.2720947265625
2020-01-23,77.18577575683594,306.6233215332031
2020-01-24,76.96333312988281,303.8964538574219
2020-01-27,74.7002182006836,299.02520751953125
2020-01-28,76.81342315673828,302.1587829589844
2020-01-29,78.42131805419922,301.9092102050781
2020-01-30,78.30766296386719,302.88897705078125
2020-01-31,74.83560180664062,297.38916015625
2020-02-03,74.63008117675781,299.59832763671875
2020-02-04,77.09391784667969,304.16455078125
2020-02-05,77.72254943847656,307.677001953125
2020-02-06,78.63167572021484,308.71234130859375
2020-02-07,77.56288146972656,307.0670166015625
2020-02-10,77.93124389648438,309.35943603515625
2020-02-11,77.4610595703125,309.8955078125
2020-02-12,79.30059051513672,311.89202880859375
2020-02-13,78.73587799072266,311.5593566894531
2020-02-14,78.75527954101562,312.0585021972656
2020-02-18,77.313232421875,311.2542419433594
2020-02-19,78.43292999267578,312.7425231933594
2020-02-20,77.62828826904297,311.4576721191406
2020-02-21,75.87116241455078,308.25018310546875
2020-02-24,72.26727294921875,298.0269470214844
2020-02-25,69.81941986083984,288.99609375
2020-02-26,70.92701721191406,287.9330749511719
2020-02-27,66.29064178466797,275.0015869140625
2020-02-28,66.25184631347656,273.84613037109375
2020-03-02,72.41996002197266,285.7054443359375
2020-03-03,70.11992645263672,277.5249938964844
2020-03-04,73.37242126464844,289.19024658203125
2020-03-05,70.99243927001953,279.5769958496094
2020-03-06,70.04966735839844,274.9552917480469
2020-03-09,64.50929260253906,253.48280334472656
2020-03-10,69.15536499023438,266.5992431640625
2020-03-11,66.75354766845703,253.6029815673828
2020-03-12,60.161319732666016,229.33895874023438
2020-03-13,67.36915588378906,248.9442901611328
2020-03-16,58.70231246948242,221.70387268066406
2020-03-17,61.283451080322266,233.67408752441406
2020-03-18,59.78324508666992,221.842529296875
2020-03-19,59.325172424316406,222.31390380859375
2020-03-20,55.55887985229492,212.7334747314453
2020-03-23,54.37858200073242,207.29425048828125
2020-03-24,59.83414077758789,226.07582092285156
2020-03-25,59.5045166015625,229.46022033691406
2020-03-26,62.635841369628906,242.85833740234375
2020-03-27,60.042572021484375,235.62464904785156
2020-03-30,61.75605773925781,243.2767333984375
2020-03-31,61.63003158569336,239.65057373046875
2020-04-01,58.387237548828125,228.86514282226562
2020-04-02,59.36153030395508,234.1463165283203
2020-04-03,58.508419036865234,230.7619171142578
2020-04-06,63.61254119873047,246.26129150390625
2020-04-07,62.875770568847656,246.51234436035156
2020-04-08,64.48504638671875,254.78741455078125
2020-04-09,64.95036315917969,258.66461181640625
2020-04-13,66.22518920898438,256.3029479980469
2020-04-14,69.56977081298828,263.86199951171875
2020-04-15,68.934814453125,258.25555419921875
2020-04-16,69.4825210571289,259.50140380859375
2020-04-17,68.53974151611328,266.51190185546875
2020-04-20,67.11708068847656,261.8164367675781
2020-04-21,65.0425033569336,253.866943359375
2020-04-22,66.91594696044922,259.50140380859375
2020-04-23,66.65658569335938,259.4827880859375
2020-04-24,68.5809555053711,263.09954833984375
2020-04-27,68.62943267822266,266.8931884765625
2020-04-28,67.5169906616211,265.6658020019531
2020-04-29,69.73458862304688,272.62060546875
2020-04-30,71.20571899414062,270.082275390625
2020-05-01,70.05935668945312,262.9322509765625
2020-05-04,71.05061340332031,263.6575012207031
2020-05-05,72.11701202392578,266.093505859375
2020-05-06,72.86103820800781,264.2896728515625
2020-05-07,73.61479187011719,267.4789123535156
2020-05-08,75.366943359375,271.9046630859375
2020-05-11,76.55286407470703,271.9604187011719
2020-05-12,75.67800903320312,266.53985595703125
2020-05-13,74.7642593383789,261.8258056640625
2020-05-14,75.22357940673828,264.95916748046875
2020-05-15,74.77884674072266,266.1772155761719
2020-05-18,76.54070281982422,274.2848815917969
2020-05-19,76.09844207763672,271.46759033203125
2020-05-20,77.57838439941406,276.07940673828125
2020-05-21,77.0000228881836,274.17333984375
2020-05-22,77.49578857421875,274.6940612792969
2020-05-26,76.97086334228516,278.078369140625
2020-05-27,77.30622100830078,282.21588134765625
2020-05-28,77.34024810791016,281.6950988769531
2020-05-29,77.26490783691406,282.9504699707031
2020-06-01,78.2151107788086,284.093994140625
2020-06-02,78.57719421386719,286.4464111328125
2020-06-03,79.009765625,290.25848388671875
2020-06-04,78.32933044433594,289.4961242675781
2020-06-05,80.56021118164062,296.9156188964844
2020-06-08,81.03653717041016,300.5046081542969
2020-06-09,83.59551239013672,298.263916015625
2020-06-10,85.7462158203125,296.5995178222656
2020-06-11,81.62950134277344,279.5008544921875
2020-06-12,82.334228515625,282.8481750488281
2020-06-15,83.35248565673828,285.4887390136719
2020-06-16,85.56151580810547,290.9837951660156
2020-06-17,85.44245147705078,289.7749938964844
2020-06-18,85.4764633178711,289.88653564453125
2020-06-19,84.98799133300781,288.22991943359375
2020-06-22,87.21160125732422,290.0790100097656
2020-06-23,89.0730972290039,291.4143981933594
2020-06-24,87.50078582763672,283.980712890625
2020-06-25,88.66242980957031,287.0252685546875
2020-06-26,85.93817901611328,280.20794677734375
2020-06-29,87.91879272460938,284.3262634277344
2020-06-30,88.65269470214844,287.9684143066406
2020-07-01,88.48500061035156,289.98553466796875
2020-07-02,88.48500061035156,291.5824279785156
2020-07-06,90.85200500488281,296.0837097167969
2020-07-07,90.5700912475586,293.02996826171875
2020-07-08,92.67948150634766,295.271240234375
2020-07-09,93.07806396484375,293.5903015136719
2020-07-10,93.24087524414062,296.5880126953125
2020-07-13,92.81072235107422,294.0198669433594
2020-07-14,94.34660339355469,297.8300476074219
2020-07-15,94.99544525146484,300.5662841796875
2020-07-16,93.8265380859375,299.5764465332031
2020-07-17,93.63697814941406,300.4449462890625
2020-07-20,95.61027526855469,302.87298583984375
2020-07-21,94.29068756103516,303.5173034667969
2020-07-22,94.55558013916016,305.2449951171875
2020-07-23,90.25175476074219,301.6028137207031
2020-07-24,90.0281753540039,299.6604309082031
2020-07-27,92.16187286376953,301.84564208984375
2020-07-28,90.64788818359375,299.93133544921875
2020-07-29,92.38545989990234,303.6199951171875
2020-07-30,93.50332641601562,302.5367431640625
2020-07-31,103.29208374023438,304.9275207519531
2020-08-03,105.89479064941406,307.0473937988281
2020-08-04,106.6019515991211,308.2333679199219
2020-08-05,106.98837280273438,310.1478271484375
2020-08-06,110.7210922241211,312.2209777832031
2020-08-07,108.20378875732422,312.4451599121094
2020-08-10,109.7764892578125,313.37908935546875
2020-08-11,106.51174926757812,310.79217529296875
2020-08-12,110.05159759521484,315.12542724609375
2020-08-13,111.99923706054688,314.55572509765625
2020-08-14,111.8994369506836,314.5650939941406
2020-08-17,111.6072769165039,315.5643005371094
2020-08-18,112.53727722167969,316.2460021972656
2020-08-19,112.678466796875,314.92926025390625
2020-08-20,115.17877197265625,315.90972900390625
2020-08-21,121.11421203613281,317.0304870605469
2020-08-24,122.56278228759766,320.2430114746094
2020-08-25,121.55728912353516,321.3636474609375
2020-08-26,123.21037292480469,324.5855407714844
2020-08-27,121.73746490478516,325.2952880859375
2020-08-28,121.54026794433594,327.3964538574219
2020-08-31,125.66197204589844,326.2104187011719
2020-09-01,130.66741943359375,329.2828369140625
2020-09-02,127.96019744873047,334.045654296875
2020-09-03,117.715576171875,322.54962158203125
2020-09-04,117.79347229003906,319.91607666015625
2020-09-08,109.8665771484375,311.1750183105469
2020-09-09,114.24877166748047,317.3199462890625
2020-09-10,110.5190200805664,311.81011962890625
2020-09-11,109.06802368164062,311.9689025878906
2020-09-14,112.34007263183594,316.07781982421875
2020-09-15,112.51537322998047,317.6748046875
2020-09-16,109.19463348388672,316.4140625
2020-09-17,107.45149230957031,313.6311340332031
2020-09-18,104.04309844970703,310.0203857421875
2020-09-21,107.19828796386719,306.570068359375
2020-09-22,108.88301086425781,309.6922607421875
2020-09-23,104.3157958984375,302.51019287109375
2020-09-24,105.38697814941406,303.3165588378906
2020-09-25,109.3406982421875,308.22021484375
2020-09-28,111.9505386352539,313.3395690917969
2020-09-29,111.10333251953125,311.6330871582031
2020-09-30,112.7782974243164,313.9959716796875
2020-10-01,113.73265838623047,316.01171875
2020-10-02,110.06134033203125,313.0114440917969
2020-10-05,113.45023345947266,318.56207275390625
2020-10-06,110.19766998291016,314.0333557128906
2020-10-07,112.06741333007812,319.4996643066406
2020-10-08,111.96028137207031,322.331298828125
2020-10-09,113.90792846679688,325.2096252441406
2020-10-12,121.1434097290039,330.4415283203125
2020-10-13,117.92980194091797,328.2851257324219
2020-10-14,118.0174560546875,326.22235107421875
2020-10-15,117.55001068115234,325.819091796875
2020-10-16,115.90425109863281,325.6222839355469
2020-10-19,112.94385528564453,320.6717224121094
2020-10-20,114.43378448486328,321.9561767578125
2020-10-21,113.810546875,321.3467712402344
2020-10-22,112.71986389160156,323.1094970703125
2020-10-23,112.02845764160156,324.2063903808594
2020-10-26,112.0382080078125,318.2151794433594
2020-10-27,113.54761505126953,317.1181640625
2020-10-28,108.28897094726562,306.2793884277344
2020-10-29,112.3011245727539,309.39227294921875
2020-10-30,106.01023864746094,306.1668701171875
2020-11-02,105.92259216308594,309.59857177734375
2020-11-03,107.54888153076172,315.0647888183594
2020-11-04,111.9408187866211,322.106201171875
2020-11-05,115.91400909423828,328.38818359375
2020-11-06,115.78231811523438,328.3132629394531
2020-11-09,113.47036743164062,332.4386291503906
2020-11-10,113.12895202636719,331.9511413574219
2020-11-11,116.56270599365234,334.4169921875
2020-11-12,116.2895736694336,331.1728820800781
2020-11-13,116.33834838867188,335.7578430175781
2020-11-16,117.35287475585938,339.94891357421875
2020-11-17,116.46516418457031,338.1205139160156
2020-11-18,115.13848876953125,334.0513610839844
2020-11-19,115.7335433959961,335.4578552246094
2020-11-20,114.46537780761719,333.1606750488281
2020-11-23,111.0608901977539,335.15771484375
2020-11-24,112.3485336303711,340.558349609375
2020-11-25,113.18748474121094,340.03326416015625
2020-11-27,113.7337417602539,340.9803466796875
2020-11-30,116.13350677490234,339.47076416015625
2020-12-01,119.71357727050781,343.1836853027344
2020-12-02,120.06476593017578,343.9056091308594
2020-12-03,119.92819213867188,343.8118591308594
2020-12-04,119.2551040649414,346.77471923828125
2020-12-07,120.71834564208984,346.0621337890625
2020-12-08,121.33292388916016,347.07476806640625
2020-12-09,118.79661560058594,343.9619140625
2020-12-10,120.2208480834961,343.8493347167969
2020-12-11,119.41117858886719,343.4461669921875
2020-12-14,118.79661560058594,341.9085388183594
2020-12-15,124.7471694946289,346.5309143066406
2020-12-16,124.67888641357422,347.07476806640625
2020-12-17,125.54707336425781,349.01556396484375
2020-12-18,123.55706024169922,347.6219787597656
2020-12-21,125.08859252929688,346.3790588378906
2020-12-22,128.64920043945312,345.7953186035156
2020-12-23,127.75174713134766,346.10601806640625
2020-12-24,128.7369842529297,347.45257568359375
2020-12-28,133.34129333496094,350.43743896484375
2020-12-29,131.56591796875,349.7688293457031
2020-12-30,130.44412231445312,350.2678527832031
2020-12-31,129.43934631347656,352.04754638671875
2021-01-04,126.23968505859375,347.25482177734375
2021-01-05,127.80046844482422,349.64642333984375
2021-01-06,123.4985122680664,351.73681640625
2021-01-07,127.71268463134766,356.9626770019531
2021-01-08,128.81504821777344,358.99658203125
2021-01-11,125.82022857666016,356.5767517089844
2021-01-12,125.6446533203125,356.6519775390625
2021-01-13,127.68343353271484,357.6124572753906
2021-01-14,125.751953125,356.360107421875
2021-01-15,124.02529907226562,353.76129150390625
2021-01-19,124.69839477539062,356.5390319824219
2021-01-20,128.7954864501953,361.4729919433594
2021-01-21,133.51695251464844,361.8026123046875
2021-01-22,135.66307067871094,360.52197265625
2021-01-25,139.41871643066406,361.9438781738281
2021-01-26,139.65283203125,361.3788146972656
2021-01-27,138.5797882080078,352.54656982421875
2021-01-28,133.73153686523438,355.5785827636719
2021-01-29,128.72723388671875,348.4600524902344
2021-02-01,130.85382080078125,354.2602844238281
2021-02-02,131.68301391601562,359.2696228027344
2021-02-03,130.65870666503906,359.5521545410156
2021-02-04,134.02418518066406,363.63873291015625
2021-02-05,133.60897827148438,365.0699157714844
2021-02-08,133.7555389404297,367.70648193359375
2021-02-09,132.87623596191406,367.461669921875
2021-02-10,132.27053833007812,367.3015441894531
2021-02-11,132.0165252685547,367.8947448730469
2021-02-12,132.2509765625,369.71209716796875
2021-02-16,130.1212615966797,369.39190673828125
2021-02-17,127.82536315917969,369.4766845703125
2021-02-18,126.72142791748047,367.9042053222656
2021-02-19,126.87774658203125,367.2544860839844
2021-02-22,123.09690856933594,364.4296875
2021-02-23,122.96012878417969,364.8722229003906
2021-02-24,122.46186828613281,368.8929443359375
2021-02-25,118.20231628417969,360.00408935546875
2021-02-26,118.46609497070312,358.14910888671875
2021-03-01,124.84566497802734,366.83074951171875
2021-03-02,122.23719024658203,363.96826171875
2021-03-03,119.24766540527344,359.147216796875
2021-03-04,117.36215209960938,354.7028503417969
2021-03-05,118.62242126464844,361.2282409667969
2021-03-08,113.67900085449219,359.42974853515625
2021-03-09,118.30001068115234,364.5614929199219
2021-03-10,117.2155990600586,366.83074951171875
2021-03-11,119.14999389648438,370.5501708984375
2021-03-12,118.24140167236328,371.04913330078125
2021-03-15,121.13320922851562,373.26190185546875
2021-03-16,122.67680358886719,372.79107666015625
2021-03-17,121.8854751586914,374.0622863769531
2021-03-18,117.75292205810547,368.6198425292969
2021-03-19,117.22538757324219,367.9378356933594
2021-03-22,120.54702758789062,370.8757629394531
2021-03-23,119.71662139892578,367.9566650390625
2021-03-24,117.32305908203125,366.0861511230469
2021-03-25,117.81155395507812,368.1455993652344
2021-03-26,118.4172592163086,374.0782775878906
2021-03-29,118.59310913085938,373.8893127441406
2021-03-30,117.13744354248047,372.8973388671875
2021-03-31,119.33562469482422,374.4088134765625
2021-04-01,120.166015625,378.4521484375
2021-04-05,122.99920654296875,383.8841247558594
2021-04-06,123.30204772949219,383.6573486328125
2021-04-07,124.953125,384.1014099121094
2021-04-08,127.35645294189453,385.9246520996094
2021-04-09,129.93560791015625,388.7303771972656
2021-04-12,128.21615600585938,388.87213134765625
2021-04-13,131.3326416015625,390.0246276855469
2021-04-14,128.98793029785156,388.69256591796875
2021-04-15,131.4010467529297,392.86810302734375
2021-04-16,131.06890869140625,394.18133544921875
2021-04-19,131.7332305908203,392.2445983886719
2021-04-20,130.04306030273438,389.37274169921875
2021-04-21,130.42410278320312,393.0570068359375
2021-04-22,128.9000701904297,389.4672546386719
2021-04-23,131.2251739501953,393.69000244140625
2021-04-26,131.6160125732422,394.5118103027344
2021-04-27,131.29359436035156,394.4268493652344
2021-04-28,130.5022430419922,394.31353759765625
2021-04-29,130.40452575683594,396.82635498046875
2021-04-30,128.43112182617188,394.2190246582031
2021-05-03,129.48622131347656,395.0692443847656
2021-05-04,124.90426635742188,392.6319274902344
2021-05-05,125.14852905273438,392.75469970703125
2021-05-06,126.7507553100586,395.89111328125
2021-05-07,127.4260025024414,398.77239990234375
2021-05-10,124.13782501220703,394.8236083984375
2021-05-11,123.21791076660156,391.2999572753906
2021-05-12,120.14503479003906,382.9866638183594
2021-05-13,122.29801940917969,387.5872802734375
2021-05-14,124.7249755859375,393.53875732421875
2021-05-17,123.5702133178711,392.5374755859375
2021-05-18,122.18057250976562,389.15545654296875
2021-05-19,122.02400207519531,388.13525390625
2021-05-20,124.58798217773438,392.3107604980469
2021-05-21,122.74817657470703,391.9896240234375
2021-05-24,124.38248443603516,395.9856262207031
2021-05-25,124.18673706054688,395.1070251464844
2021-05-26,124.13782501220703,395.89111328125
2021-05-27,122.60138702392578,396.0989685058594
2021-05-28,121.94569396972656,396.8074645996094
2021-06-01,121.62277221679688,396.4579772949219
2021-06-02,122.3861083984375,397.0814514160156
2021-06-03,120.8985824584961,395.60772705078125
2021-06-04,123.1983413696289,399.2258605957031
2021-06-07,123.2081298828125,398.83856201171875
2021-06-08,124.03016662597656,398.9235534667969
2021-06-09,124.41182708740234,398.32843017578125
2021-06-10,123.41365814208984,400.1800231933594
2021-06-11,124.62712860107422,400.84130859375
2021-06-14,127.69019317626953,401.73876953125
2021-06-15,126.86814880371094,401.001953125
2021-06-16,127.36723327636719,398.762939453125
2021-06-17,128.9722137451172,398.6307067871094
2021-06-18,127.67063903808594,393.2530517578125
2021-06-21,129.4712677001953,398.8828125
2021-06-22,131.11532592773438,401.0152893066406
2021-06-23,130.84132385253906,400.5319519042969
2021-06-24,130.5575408935547,402.90142822265625
2021-06-25,130.26397705078125,404.33258056640625
2021-06-28,131.8982696533203,405.14764404296875
2021-06-29,133.41514587402344,405.3656921386719
2021-06-30,134.03167724609375,405.7068786621094
2021-07-01,134.33502197265625,407.95306396484375
2021-07-02,136.96751403808594,411.07135009765625
2021-07-06,138.9834747314453,410.322509765625
2021-07-07,141.47894287109375,411.7726745605469
2021-07-08,140.17738342285156,408.4175109863281
2021-07-09,142.00741577148438,412.7773132324219
2021-07-12,141.41046142578125,414.2558288574219
2021-07-13,142.5260467529297,412.8435974121094
2021-07-14,145.96099853515625,413.4596862792969
2021-07-15,145.30531311035156,412.04754638671875
2021-07-16,143.26002502441406,408.81561279296875
2021-07-19,139.4042510986328,402.7782287597656
2021-07-20,143.02516174316406,408.5501708984375
2021-07-21,142.29119873046875,411.85791015625
2021-07-22,143.6613006591797,412.720458984375
2021-07-23,145.38365173339844,416.9664611816406
2021-07-26,145.80441284179688,417.9900817871094
2021-07-27,143.63192749023438,416.0850830078125
2021-07-28,141.8801727294922,415.9144592285156
2021-07-29,142.5260467529297,417.6394348144531
2021-07-30,142.74136352539062,415.61114501953125
2021-08-02,142.4086151123047,414.7392272949219
2021-08-03,144.20928955078125,418.11328125
2021-08-04,143.8080596923828,416.0566711425781
2021-08-05,143.9156951904297,418.6914978027344
2021-08-06,143.22962951660156,419.38336181640625
2021-08-09,143.1806640625,419.0421142578125
2021-08-10,142.70042419433594,419.5634460449219
2021-08-11,142.9552001953125,420.60601806640625
2021-08-12,145.92486572265625,421.8664855957031
2021-08-13,146.1306915283203,422.63421630859375
2021-08-16,148.1104278564453,423.6294250488281
2021-08-17,147.198974609375,420.8524169921875
2021-08-18,143.44525146484375,416.2461853027344
2021-08-19,143.77850341796875,416.8906555175781
2021-08-20,145.23883056640625,420.2079162597656
2021-08-23,146.7285614013672,423.9042053222656
2021-08-24,146.64031982421875,424.5771789550781
2021-08-25,145.40545654296875,425.46807861328125
2021-08-26,144.601806640625,422.95648193359375
2021-08-27,145.64065551757812,426.7381286621094
2021-08-30,150.07064819335938,428.6147766113281
2021-08-31,148.8063507080078,427.9797058105469
2021-09-01,149.4727783203125,428.2071533203125
2021-09-02,150.59010314941406,429.5246276855469
2021-09-03,151.2271270751953,429.4203186035156
2021-09-07,153.569580078125,427.8848876953125
2021-09-08,152.02102661132812,427.3636169433594
2021-09-09,151.00172424316406,425.5345153808594
2021-09-10,146.00331115722656,422.1792297363281
2021-09-13,146.57174682617188,423.2597351074219
2021-09-14,145.17018127441406,420.9756774902344
2021-09-15,146.06210327148438,424.4918518066406
2021-09-16,145.82684326171875,423.8189392089844
2021-09-17,143.15121459960938,419.69049072265625
2021-09-20,140.0933837890625,412.6925048828125
2021-09-21,140.5736083984375,412.3027038574219
2021-09-22,142.9454345703125,416.3246154785156
2021-09-23,143.9059295654297,421.3829650878906
2021-09-24,143.9940948486328,422.0770263671875
2021-09-27,142.4749755859375,420.86956787109375
2021-09-28,139.08389282226562,412.3882751464844
2021-09-29,139.985595703125,413.08233642578125
2021-09-30,138.6820526123047,408.03350830078125
2021-10-01,139.8091583251953,412.8826904296875
2021-10-04,136.36903381347656,407.5581359863281
2021-10-05,138.29981994628906,411.7987365722656
2021-10-06,139.17210388183594,413.5102233886719
2021-10-07,140.43637084960938,417.0853271484375
2021-10-08,140.05416870117188,416.3246154785156
2021-10-11,139.96595764160156,413.3105773925781
2021-10-12,138.69187927246094,412.29315185546875
2021-10-13,138.1038360595703,413.7763977050781
2021-10-14,140.89706420898438,420.73638916015625
2021-10-15,141.95553588867188,423.9406433105469
2021-10-18,143.6315155029297,425.19573974609375
2021-10-19,145.79750061035156,428.47607421875
2021-10-20,146.2875213623047,430.1590270996094
2021-10-21,146.5031280517578,431.281005859375
2021-10-22,145.72889709472656,430.8340759277344
2021-10-25,145.6798858642578,433.14453125
2021-10-26,146.34632873535156,433.5343933105469
2021-10-27,145.8856658935547,431.61376953125
2021-10-28,149.53160095214844,435.7783508300781
2021-10-29,146.81674194335938,436.66259765625
2021-11-01,145.9934844970703,437.4137268066406
2021-11-02,147.03237915039062,439.1822509765625
2021-11-03,148.47308349609375,441.86358642578125
2021-11-04,147.9536590576172,443.94586181640625
2021-11-05,148.48367309570312,445.48614501953125
2021-11-08,147.6591796875,445.86651611328125
2021-11-09,148.0223846435547,444.3927307128906
2021-11-10,145.18576049804688,440.8177185058594
2021-11-11,145.13671875,440.9603271484375
2021-11-12,147.21754455566406,444.28814697265625
2021-11-15,147.2273406982422,444.4402160644531
2021-11-16,148.20884704589844,446.19927978515625
2021-11-17,150.65283203125,445.1153564453125
2021-11-18,154.9518585205078,446.627197265625
2021-11-19,157.58233642578125,445.8284912109375
2021-11-22,158.0436553955078,444.57342529296875
2021-11-23,158.42642211914062,445.1628723144531
2021-11-24,158.9466552734375,446.3514709472656
2021-11-26,153.9114532470703,436.39642333984375
2021-11-29,157.27809143066406,441.7494201660156
2021-11-30,162.2445526123047,433.1540832519531
2021-12-01,161.72430419921875,428.3429260253906
2021-12-02,160.73297119140625,434.9035339355469
2021-12-03,158.8485107421875,431.11932373046875
2021-12-06,162.26416015625,436.2252502441406
2021-12-07,168.0158233642578,445.24847412109375
2021-12-08,171.84375,446.427490234375
2021-12-09,171.33335876464844,443.4134216308594
2021-12-10,176.1329803466797,447.5874328613281
2021-12-13,172.4915313720703,443.6225280761719
2021-12-14,171.10763549804688,440.5704345703125
2021-12-15,175.9857635498047,447.4543762207031
2021-12-16,169.0758819580078,443.5084533691406
2021-12-17,167.97657775878906,438.7882385253906
2021-12-20,166.61228942871094,434.1224060058594
2021-12-21,169.79238891601562,441.8320617675781
2021-12-22,172.3933868408203,446.249755859375
2021-12-23,173.02159118652344,449.0263671875
2021-12-27,176.99671936035156,455.38104248046875
2021-12-28,175.97596740722656,455.00897216796875
2021-12-29,176.0642852783203,455.5910339355469
2021-12-30,174.90609741210938,454.33154296875
2021-12-31,174.2877197265625,453.18646240234375
2022-01-03,178.64561462402344,455.8104553222656
2022-01-04,176.3783721923828,455.6578063964844
2022-01-05,171.68667602539062,446.9081726074219
2022-01-06,168.8206787109375,446.4882507324219
2022-01-07,168.987548828125,444.72308349609375
2022-01-10,169.00717163085938,444.169677734375
2022-01-11,171.84375,448.21533203125
2022-01-12,172.2854461669922,449.4271240234375
2022-01-13,169.00717163085938,443.2346496582031
2022-01-14,169.87091064453125,443.41595458984375
2022-01-18,166.66131591796875,435.563232421875
2022-01-19,163.15733337402344,431.04052734375
2022-01-20,161.4691162109375,426.2696838378906
2022-01-21,159.40794372558594,417.9017639160156
2022-01-24,158.63253784179688,419.676513671875
2022-01-25,156.8265838623047,414.55267333984375
2022-01-26,156.73822021484375,413.51263427734375
2022-01-27,156.27691650390625,411.47076416015625
2022-01-28,167.18153381347656,421.6897888183594
2022-01-31,171.54928588867188,429.2848815917969
2022-02-01,171.3824462890625,432.1855163574219
2022-02-02,172.5896759033203,436.3838195800781
2022-02-03,169.7040557861328,426.1266174316406
2022-02-04,169.4190216064453,428.1303405761719
2022-02-07,168.70164489746094,426.75634765625
2022-02-08,171.8169708251953,430.2676086425781
2022-02-09,173.24203491210938,436.5650634765625
2022-02-10,169.1536865234375,428.72198486328125
2022-02-11,165.733642578125,420.26806640625
2022-02-14,165.96954345703125,418.89404296875
2022-02-15,169.8121337890625,425.6495056152344
2022-02-16,169.57630920410156,426.1266174316406
2022-02-17,165.96954345703125,417.02392578125
2022-02-18,164.41677856445312,414.3236999511719
2022-02-22,161.48814392089844,409.8773498535156
2022-02-23,157.31138610839844,402.6066589355469
2022-02-24,159.9353485107422,408.66552734375
2022-02-25,162.009033203125,417.68231201171875
2022-02-28,162.2743377685547,416.6136474609375
2022-03-01,160.38742065429688,410.2685241699219
2022-03-02,163.6895294189453,417.81591796875
2022-03-03,163.36520385742188,415.7358093261719
2022-03-04,160.35792541503906,412.35809326171875
2022-03-07,156.5546417236328,400.2021484375
2022-03-08,154.72669982910156,397.16790771484375
2022-03-09,160.14175415039062,407.8163146972656
2022-03-10,155.78807067871094,405.97479248046875
2022-03-11,152.06338500976562,400.8128662109375
2022-03-14,148.0242156982422,397.883544921875
2022-03-15,152.4171600341797,406.63323974609375
2022-03-16,156.83963012695312,415.64990234375
2022-03-17,157.8519287109375,420.8501281738281
2022-03-18,161.1539764404297,425.4596252441406
2022-03-21,162.5298614501953,425.33526611328125
2022-03-22,165.91058349609375,430.31219482421875
2022-03-23,167.27662658691406,424.77044677734375
2022-03-24,171.07012939453125,431.1736145019531
2022-03-25,171.70889282226562,433.27923583984375
2022-03-28,172.57371520996094,436.3611755371094
2022-03-29,175.87582397460938,441.7593688964844
2022-03-30,174.70632934570312,439.0315856933594
2022-03-31,171.6007843017578,432.2743225097656
2022-04-01,171.30596923828125,433.4994201660156
2022-04-04,175.3647918701172,437.2130432128906
2022-04-05,172.04302978515625,431.6904602050781
2022-04-06,168.8686981201172,427.37384033203125
2022-04-07,169.17337036132812,429.5274353027344
2022-04-08,167.15869140625,428.3787841796875
2022-04-11,162.89344787597656,421.05682373046875
2022-04-12,164.7705841064453,419.49676513671875
2022-04-13,167.4633331298828,424.30145263671875
2022-04-14,162.44139099121094,419.0181579589844
2022-04-18,162.22520446777344,419.1904296875
2022-04-19,164.5150146484375,425.9573059082031
2022-04-20,164.3479766845703,425.6414794921875
2022-04-21,163.55194091796875,419.276611328125
2022-04-22,159.00172424316406,407.77203369140625
2022-04-25,160.07296752929688,410.1360778808594
2022-04-26,154.0977325439453,398.2581787109375
2022-04-27,153.87168884277344,399.37799072265625
2022-04-28,160.81983947753906,409.46612548828125
2022-04-29,154.93309020996094,394.3340148925781
2022-05-02,155.23773193359375,396.7076721191406
2022-05-03,156.73150634765625,398.52618408203125
2022-05-04,163.15882873535156,410.6624755859375
2022-05-05,154.06826782226562,396.06640625
2022-05-06,154.79653930664062,393.7022705078125
2022-05-09,149.65895080566406,381.0970153808594
2022-05-10,152.07028198242188,381.9775695800781
2022-05-11,144.186767578125,375.909423828125
2022-05-12,140.3089599609375,375.5169677734375
2022-05-13,144.78713989257812,384.49481201171875
2022-05-16,143.24191284179688,382.93475341796875
2022-05-17,146.88352966308594,390.81182861328125
2022-05-18,138.59645080566406,375.0575866699219
2022-05-19,135.18124389648438,372.7604675292969
2022-05-20,135.41746520996094,372.9232482910156
2022-05-23,140.8502960205078,379.9006652832031
2022-05-24,138.1437225341797,377.0005798339844
2022-05-25,138.30120849609375,380.3313293457031
2022-05-26,141.50973510742188,387.9308776855469
2022-05-27,147.27720642089844,397.4541931152344
2022-05-31,146.48983764648438,395.2240905761719
2022-06-01,146.3618927001953,392.02734375
2022-06-02,148.82240295410156,399.4929504394531
2022-06-03,143.08444213867188,392.9366760253906
2022-06-06,143.8324432373047,394.1330261230469
2022-06-07,146.3618927001953,397.91357421875
2022-06-08,145.6237335205078,393.5874938964844
2022-06-09,140.38772583007812,384.2267761230469
2022-06-10,134.96473693847656,373.0859375
2022-06-13,129.79762268066406,358.9205627441406
2022-06-14,130.66371154785156,357.8390197753906
2022-06-15,133.29156494140625,362.9403991699219
2022-06-16,128.00633239746094,350.9285583496094
2022-06-17,129.482666015625,351.68505859375
2022-06-21,133.72459411621094,360.5382385253906
2022-06-22,133.21286010742188,359.88458251953125
2022-06-23,136.0867156982422,363.41241455078125
2022-06-24,139.42320251464844,374.9666748046875
2022-06-27,139.42320251464844,373.534423828125
2022-06-28,135.2698211669922,365.9019470214844
2022-06-29,137.0315399169922,365.6040344238281
2022-06-30,134.56121826171875,362.6337585449219
2022-07-01,136.73631286621094,366.4692077636719
2022-07-05,139.32476806640625,367.16131591796875
2022-07-06,140.66329956054688,368.4013366699219
2022-07-07,144.03912353515625,373.9189758300781
2022-07-08,144.71823120117188,373.611328125
2022-07-11,142.58253479003906,369.3433837890625
2022-07-12,143.55685424804688,366.0751037597656
2022-07-13,143.19276428222656,364.1525573730469
2022-07-14,146.12567138671875,363.2682189941406
2022-07-15,147.79881286621094,370.20843505859375
2022-07-18,144.74777221679688,367.1517333984375
2022-07-19,148.61570739746094,377.07183837890625
2022-07-20,150.62350463867188,379.4750061035156
2022-07-21,152.89703369140625,383.3392333984375
2022-07-22,151.6569366455078,379.7825927734375
2022-07-25,150.534912109375,380.2439880371094
2022-07-26,149.20623779296875,375.74530029296875
2022-07-27,154.31427001953125,385.50201416015625
2022-07-28,154.86546325683594,390.3371887207031
2022-07-29,159.9439697265625,396.0278625488281
2022-08-01,158.9597625732422,394.85504150390625
2022-08-02,157.48342895507812,392.2500305175781
2022-08-03,163.50682067871094,398.39251708984375
2022-08-04,163.1918487548828,398.12335205078125
2022-08-05,162.96519470214844,397.45050048828125
2022-08-08,162.49209594726562,396.9890441894531
2022-08-09,162.54141235351562,395.4126281738281
2022-08-10,166.79905700683594,403.71783447265625
2022-08-11,166.0598907470703,403.71783447265625
2022-08-12,169.61785888671875,410.5523986816406
2022-08-15,170.69212341308594,412.244140625
2022-08-16,170.53440856933594,413.0516357421875
2022-08-17,172.032470703125,410.11981201171875
2022-08-18,171.63824462890625,411.31182861328125
2022-08-19,169.04617309570312,405.7845764160156
2022-08-22,165.15318298339844,397.3351135253906
2022-08-23,164.81805419921875,396.3738708496094
2022-08-24,165.11373901367188,397.6427001953125
2022-08-25,167.5777130126953,403.25640869140625
2022-08-26,161.26011657714844,389.6065979003906
2022-08-29,159.05245971679688,387.030517578125
2022-08-30,156.61807250976562,382.78167724609375
2022-08-31,154.95242309570312,379.86907958984375
2022-09-01,155.68177795410156,381.0610656738281
2022-09-02,153.5627899169922,377.04296875
2022-09-06,152.3012237548828,375.620361328125
2022-09-07,153.7106170654297,382.36834716796875
2022-09-08,152.2322540283203,384.86761474609375
2022-09-09,155.10028076171875,390.8466796875
2022-09-12,161.07286071777344,395.04730224609375
2022-09-13,151.6211700439453,377.8696594238281
2022-09-14,153.0700225830078,379.31158447265625
2022-09-15,150.17239379882812,375.0051574707031
2022-09-16,148.5264892578125,372.1442565917969
2022-09-19,152.251953125,375.03021240234375
2022-09-20,154.6370391845703,370.72540283203125
2022-09-21,151.5029296875,364.258544921875
2022-09-22,150.53707885742188,361.1988525390625
2022-09-23,148.26034545898438,355.1470642089844
2022-09-26,148.59547424316406,351.6336975097656
2022-09-27,149.5712127685547,350.7360534667969
2022-09-28,147.67884826660156,357.6371765136719
2022-09-29,140.42501831054688,350.16656494140625
2022-09-30,136.20677185058594,344.7517395019531
2022-10-03,140.3954620361328,353.8536376953125
2022-10-04,143.99282836914062,364.818359375
2022-10-05,144.28846740722656,363.968994140625
2022-10-06,143.3324737548828,360.2143249511719
2022-10-07,138.06948852539062,350.16656494140625
2022-10-10,138.39476013183594,347.492919921875
2022-10-11,136.97549438476562,345.2922668457031
2022-10-12,136.34474182128906,344.1532897949219
2022-10-13,140.9276885986328,353.23590087890625
2022-10-14,136.38417053222656,345.1861267089844
2022-10-17,140.35604858398438,354.05633544921875
2022-10-18,141.67672729492188,358.21636962890625
2022-10-19,141.78514099121094,355.67791748046875
2022-10-20,141.32191467285156,352.6953430175781
2022-10-21,145.1459503173828,361.26641845703125
2022-10-24,147.29449462890625,365.6870422363281
2022-10-25,150.14280700683594,371.5265808105469
2022-10-26,147.19595336914062,368.7274169921875
2022-10-27,142.71156311035156,366.7584533691406
2022-10-28,153.49380493164062,375.48388671875
2022-10-31,151.12840270996094,372.7716064453125
2022-11-01,148.4771728515625,371.14044189453125
2022-11-02,142.93824768066406,361.8262634277344
2022-11-03,136.87693786621094,358.10052490234375
2022-11-04,136.6104278564453,363.2547302246094
2022-11-07,137.14349365234375,366.7294616699219
2022-11-08,137.716064453125,368.70819091796875
2022-11-09,133.14527893066406,361.11199951171875
2022-11-10,144.99183654785156,380.9566345214844
2022-11-11,147.78564453125,384.6436462402344
2022-11-14,146.38381958007812,381.37164306640625
2022-11-15,148.12130737304688,384.6243591308594
2022-11-16,146.8872833251953,381.69012451171875
2022-11-17,148.7926025390625,380.522216796875
2022-11-18,149.3553009033203,382.2499084472656
2022-11-21,146.11727905273438,380.8600769042969
2022-11-22,148.2594757080078,385.9853210449219
2022-11-23,149.13812255859375,388.4176330566406
2022-11-25,146.2159881591797,388.33074951171875
2022-11-28,142.37571716308594,382.1341247558594
2022-11-29,139.36471557617188,381.4778137207031
2022-11-30,146.1370086669922,393.49456787109375
2022-12-01,146.41343688964844,393.2049560546875
2022-12-02,145.9198455810547,392.75140380859375
2022-12-05,144.7549285888672,385.68609619140625
2022-12-06,141.08248901367188,380.12652587890625
2022-12-07,139.13768005371094,379.47979736328125
2022-12-08,140.8258056640625,382.4526062011719
2022-12-09,140.3420867919922,379.59564208984375
2022-12-12,142.64227294921875,385.06842041015625
2022-12-13,143.60975646972656,387.98321533203125
2022-12-14,141.378662109375,385.5027160644531
2022-12-15,134.7544403076172,376.0727233886719
2022-12-16,132.7898712158203,371.6326599121094
2022-12-19,130.67724609375,368.4813232421875
2022-12-20,130.60813903808594,368.985595703125
2022-12-21,133.71786499023438,374.50286865234375
2022-12-22,130.53904724121094,369.16009521484375
2022-12-23,130.1737823486328,371.2835998535156
2022-12-27,128.36715698242188,369.8194580078125
2022-12-28,124.42821502685547,365.223388671875
2022-12-29,127.95256805419922,371.79754638671875
2022-12-30,128.26846313476562,370.8182067871094
2023-01-03,123.47061157226562,369.257080078125
2023-01-04,124.74412536621094,372.1077880859375
2023-01-05,123.42125701904297,367.8608703613281
2023-01-06,127.96240997314453,376.296630859375
2023-01-09,128.48562622070312,376.08331298828125
2023-01-10,129.05824279785156,378.7206726074219
2023-01-11,131.78297424316406,383.5107116699219
2023-01-12,131.70396423339844,384.9070129394531
2023-01-13,133.03668212890625,386.4002685546875
2023-01-17,134.20159912109375,385.6923828125
2023-01-18,133.48097229003906,379.60308837890625
2023-01-19,133.54017639160156,376.8396911621094
2023-01-20,136.10690307617188,383.85980224609375
2023-01-23,139.30548095703125,388.4656066894531
2023-01-24,140.70733642578125,388.0486145019531
2023-01-25,140.04591369628906,388.194091796875
2023-01-26,142.11904907226562,392.46051025390625
2023-01-27,144.06385803222656,393.36224365234375
2023-01-30,141.1713409423828,388.4267578125
2023-01-31,142.44482421875,394.1379089355469
2023-02-01,143.5702667236328,398.3267822265625
2023-02-02,148.89132690429688,404.1252136230469
2023-02-03,152.5242462158203,399.82977294921875
2023-02-06,149.78968811035156,397.38629150390625
2023-02-07,152.67234802246094,402.58349609375
2023-02-08,149.9772491455078,398.18133544921875
2023-02-09,148.940673828125,394.7293701171875
2023-02-10,149.30650329589844,395.6506042480469
2023-02-13,152.11448669433594,400.2951354980469
2023-02-14,151.47181701660156,400.1109313964844
2023-02-15,153.57778930664062,401.4102478027344
2023-02-16,151.97605895996094,395.88330078125
2023-02-17,150.82916259765625,394.894287109375
2023-02-21,146.80503845214844,386.97235107421875
2023-02-22,147.23020935058594,386.4390563964844
2023-02-23,147.7146759033203,388.4946594238281
2023-02-24,145.05503845214844,384.3446350097656
2023-02-27,146.25137329101562,385.6536560058594
2023-02-28,145.74713134765625,384.228271484375
2023-03-01,143.67080688476562,382.75439453125
2023-03-02,144.2640380859375,385.731201171875
2023-03-03,149.32627868652344,391.91748046875
2023-03-06,152.09469604492188,392.1889953613281
2023-03-07,149.8898468017578,386.17724609375
2023-03-08,151.14553833007812,386.8074951171875
2023-03-09,148.89125061035156,379.67095947265625
2023-03-10,146.82484436035156,374.1925048828125
2023-03-13,148.77261352539062,373.6591796875
2023-03-14,150.86866760253906,379.8358459472656
2023-03-15,151.26419067382812,377.4602355957031
2023-03-16,154.09193420410156,384.0827941894531
2023-03-17,153.25148010253906,379.59185791015625
2023-03-20,155.62445068359375,383.24188232421875
2023-03-21,157.48324584960938,388.2740173339844
2023-03-22,156.04959106445312,381.65533447265625
2023-03-23,157.13717651367188,382.6870422363281
2023-03-24,158.44229125976562,385.1982727050781
2023-03-27,156.49449157714844,385.9185485839844
2023-03-28,155.87159729003906,385.0522766113281
2023-03-29,158.95640563964844,390.64892578125
2023-03-30,160.52850341796875,392.9363708496094
2023-03-31,163.03982543945312,398.474609375
2023-04-03,164.29551696777344,399.9930419921875
2023-04-04,163.7615966796875,397.7738342285156
2023-04-05,161.9126739501953,396.73236083984375
2023-04-06,162.8025360107422,398.2799377441406
2023-04-10,160.2021942138672,398.688720703125
2023-04-11,158.98609924316406,398.7958068847656
2023-04-12,158.2939910888672,397.1703186035156
2023-04-13,163.69235229492188,402.4458312988281
2023-04-14,163.34632873535156,401.4627685546875
2023-04-17,163.3660888671875,402.9032897949219
2023-04-18,164.5921173095703,403.1661376953125
2023-04-19,165.73904418945312,403.0980224609375
2023-04-20,164.7700958251953,400.898193359375
2023-04-21,163.15847778320312,401.209716796875
2023-04-24,163.46499633789062,401.62823486328125
2023-04-25,161.92257690429688,395.2528381347656
2023-04-26,161.9126739501953,393.5787048339844
2023-04-27,166.51023864746094,401.41412353515625
2023-04-28,167.76589965820312,404.8402099609375
2023-05-01,167.6769256591797,404.431396484375
2023-05-02,166.63877868652344,399.88592529296875
2023-05-03,165.56106567382812,397.14111328125
2023-05-04,163.91976928710938,394.32818603515625
2023-05-05,171.6120147705078,401.62823486328125
2023-05-08,171.54281616210938,401.73529052734375
2023-05-09,169.8323211669922,399.9735107421875
2023-05-10,171.60211181640625,401.8423767089844
2023-05-11,171.79000854492188,401.14154052734375
2023-05-12,170.85931396484375,400.61590576171875
2023-05-15,170.36428833007812,401.9980773925781
2023-05-16,170.36428833007812,399.3116760253906
2023-05-17,170.9781494140625,404.15887451171875
2023-05-18,173.3147430419922,408.0522766113281
2023-05-19,173.4236297607422,407.4585266113281
2023-05-22,172.47312927246094,407.6239929199219
2023-05-23,169.8592987060547,403.0492858886719
2023-05-24,170.13653564453125,400.1292419433594
2023-05-25,171.27513122558594,403.5943298339844
2023-05-26,173.6909637451172,408.8211975097656
2023-05-30,175.5424041748047,408.9768981933594
2023-05-31,175.49290466308594,406.70904541015625
2023-06-01,178.3047637939453,410.5732116699219
2023-06-02,179.15625,416.5105895996094
2023-06-05,177.79981994628906,415.71240234375
2023-06-06,177.43348693847656,416.61761474609375
2023-06-07,176.05726623535156,415.1770324707031
2023-06-08,178.77999877929688,417.68829345703125
2023-06-09,179.16615295410156,418.4377746582031
2023-06-12,181.9680938720703,422.2337646484375
2023-06-13,181.49282836914062,425.01751708984375
2023-06-14,182.12652587890625,425.52362060546875
2023-06-15,184.16607666015625,430.7991638183594
2023-06-16,183.0868682861328,429.3317565917969
2023-06-20,183.17599487304688,427.1042785644531
2023-06-21,182.13641357421875,424.9159240722656
2023-06-22,185.14627075195312,426.44976806640625
2023-06-23,184.82943725585938,423.225830078125
2023-06-26,183.4334259033203,421.49658203125
2023-06-27,186.19577026367188,426.11761474609375
2023-06-28,187.37396240234375,426.3324890136719
2023-06-29,187.71055603027344,428.01287841796875
2023-06-30,192.0471649169922,433.0636901855469
2023-07-03,190.55213928222656,433.56195068359375
2023-07-05,189.43331909179688,432.91717529296875
2023-07-06,189.90858459472656,429.52716064453125
2023-07-07,188.78976440429688,428.4427185058594
2023-07-10,186.7403106689453,429.52716064453125
2023-07-11,186.21554565429688,432.2626037597656
2023-07-12,187.88882446289062,435.7405090332031
2023-07-13,188.6511688232422,439.1990051269531
2023-07-14,188.7996826171875,438.9254150390625
2023-07-17,192.0669708251953,440.449462890625
2023-07-18,191.80953979492188,443.7222900390625
2023-07-19,193.16595458984375,444.7090148925781
2023-07-20,191.21551513671875,441.758544921875
2023-07-21,190.03729248046875,441.758544921875
2023-07-24,190.83926391601562,443.7320861816406
2023-07-25,191.70065307617188,444.9434509277344
2023-07-26,192.5718994140625,445.0118408203125
2023-07-27,191.30459594726562,442.0614318847656
2023-07-28,193.88873291015625,446.38934326171875
2023-07-31,194.50257873535156,447.2392883300781
2023-08-01,193.67091369628906,445.9595031738281
2023-08-02,190.6709442138672,439.755859375
2023-08-03,189.27491760253906,438.4955749511719
2023-08-04,180.18592834472656,436.51239013671875
2023-08-07,177.07704162597656,440.3224792480469
2023-08-08,178.01763916015625,438.4076843261719
2023-08-09,176.42361450195312,435.47674560546875
2023-08-10,176.20578002929688,435.63311767578125
2023-08-11,176.2652587890625,435.37908935546875
2023-08-14,177.9209442138672,437.7823791503906
2023-08-15,175.92819213867188,432.6827392578125
2023-08-16,175.0557403564453,429.5075988769531
2023-08-17,172.50775146484375,426.2347717285156
2023-08-18,172.9935760498047,426.44000244140625
2023-08-21,174.3319854736328,429.2145080566406
2023-08-22,175.71005249023438,428.05194091796875
2023-08-23,179.5666961669922,432.8194580078125
2023-08-24,174.8673553466797,426.82098388671875
2023-08-25,177.07823181152344,429.8299865722656
2023-08-28,178.6446990966797,432.5556640625
2023-08-29,182.54098510742188,438.8081970214844
2023-08-30,186.04071044921875,440.61553955078125
2023-08-31,186.25880432128906,439.9707946777344
2023-09-01,187.83517456054688,440.7914123535156
2023-09-05,188.0731201171875,438.8863220214844
2023-09-06,181.34136962890625,435.9359436035156
2023-09-07,176.0372314453125,434.5975646972656
2023-09-08,176.65191650390625,435.2520751953125
2023-09-11,177.82180786132812,438.1145935058594
2023-09-12,174.7880401611328,435.71124267578125
2023-09-13,172.71595764160156,436.2192687988281
2023-09-14,174.23284912109375,439.9805603027344
2023-09-15,173.5091094970703,434.6795654296875
2023-09-18,176.4437255859375,434.9344177246094
2023-09-19,177.5343017578125,434.032470703125
2023-09-20,173.98500061035156,430.0422668457031
2023-09-21,172.4383544921875,422.934326171875
2023-09-22,173.291015625,421.98333740234375
2023-09-25,174.56991577148438,423.75787353515625
2023-09-26,170.4852752685547,417.5323181152344
2023-09-27,168.96836853027344,417.698974609375
2023-09-28,169.22613525390625,420.12060546875
2023-09-29,169.74172973632812,419.10101318359375
2023-10-02,172.25991821289062,418.9342956542969
2023-10-03,170.92147827148438,413.326416015625
2023-10-04,172.1707000732422,416.33624267578125
2023-10-05,173.40997314453125,416.17938232421875
2023-10-06,175.9678497314453,421.1206359863281
2023-10-09,177.4550018310547,423.81671142578125
2023-10-10,176.86012268066406,426.0225830078125
2023-10-11,178.25802612304688,427.7676696777344
2023-10-12,179.16021728515625,425.15985107421875
2023-10-13,177.31619262695312,423.0421447753906
2023-10-16,177.1873016357422,427.4931640625
2023-10-17,175.63072204589844,427.4735412597656
2023-10-18,174.3319854736328,421.7774353027344
2023-10-19,173.9552459716797,418.0715637207031
2023-10-20,171.39736938476562,412.9342956542969
2023-10-23,171.51634216308594,412.21856689453125
2023-10-24,171.9525604248047,415.3264465332031
2023-10-25,169.63262939453125,409.3656005859375
2023-10-26,165.458740234375,404.463623046875
2023-10-27,166.77734375,402.6302795410156
2023-10-30,168.82957458496094,407.44403076171875
2023-10-31,169.3054656982422,410.0028991699219
2023-11-01,172.47802734375,414.3754577636719
2023-11-02,176.04714965820312,422.316650390625
2023-11-03,175.13502502441406,426.169677734375
2023-11-06,177.69290161132812,427.1499938964844
2023-11-07,180.26072692871094,428.3656921386719
2023-11-08,181.32151794433594,428.6794738769531
2023-11-09,180.84564208984375,425.3363342285156
2023-11-10,185.0448760986328,431.97357177734375
2023-11-13,183.45652770996094,431.5618591308594
2023-11-14,186.0773468017578,439.9344787597656
2023-11-15,186.64317321777344,440.8658447265625
2023-11-16,188.330810546875,441.4050598144531
2023-11-17,188.3109893798828,441.9540710449219
2023-11-20,190.0581817626953,445.3560791015625
2023-11-21,189.25405883789062,444.3854675292969
2023-11-22,189.91917419433594,446.1011657714844
2023-11-24,188.5889434814453,446.3756408691406
2023-11-27,188.41024780273438,445.57177734375
2023-11-28,189.01580810546875,446.0129089355469
2023-11-29,187.99331665039062,445.6991882324219
2023-11-30,188.56907653808594,447.4541015625
2023-12-01,189.84970092773438,450.10125732421875
2023-12-04,188.0528564453125,447.7384033203125
2023-12-05,192.01385498046875,447.65020751953125
2023-12-06,190.92185974121094,445.8462829589844
2023-12-07,192.85768127441406,449.24822998046875
2023-12-08,194.28720092773438,451.17962646484375
2023-12-11,191.77560424804688,452.9345397949219
2023-12-12,193.29449462890625,455.003173828125
2023-12-13,196.52084350585938,461.2777404785156
2023-12-14,196.6697540283203,462.75811767578125
2023-12-15,196.1337127685547,461.9962158203125
2023-12-18,194.4658966064453,464.5950012207031
2023-12-19,195.50827026367188,467.42010498046875
2023-12-20,193.4136199951172,460.9429626464844
2023-12-21,193.26467895507812,465.3135986328125
2023-12-22,192.1925506591797,466.24871826171875
2023-12-26,191.6465606689453,468.21746826171875
2023-12-27,191.74581909179688,469.0640563964844
2023-12-28,192.17271423339844,469.2412109375
2023-12-29,191.1303253173828,467.8827819824219
2024-01-02,184.2904052734375,465.2643737792969
2024-01-03,182.9105224609375,461.4647216796875
2024-01-04,180.58753967285156,459.978271484375
2024-01-05,179.8628387451172,460.6082458496094
2024-01-08,184.21096801757812,467.1838684082031
2024-01-09,183.79405212402344,466.47509765625
2024-01-10,184.83642578125,469.11328125
2024-01-11,184.24078369140625,468.9065246582031
2024-01-12,184.568359375,469.2313537597656
2024-01-16,182.2950439453125,467.5086975097656
2024-01-17,181.35194396972656,464.9100036621094
2024-01-18,187.25869750976562,469.0443420410156
2024-01-19,190.1673583984375,474.89154052734375
2024-01-22,192.48043823242188,475.8955993652344
2024-01-23,193.76104736328125,477.28350830078125
2024-01-24,193.08599853515625,477.8052978515625
2024-01-25,192.75840759277344,480.4040222167969
2024-01-26,191.0211181640625,479.7937316894531
2024-01-29,190.3361358642578,483.5933837890625
2024-01-30,186.6729736328125,483.2193298339844
2024-01-31,183.05943298339844,475.33453369140625
2024-02-01,185.50155639648438,481.5557861328125
2024-02-02,184.49888610839844,486.62530517578125
2024-02-05,186.31556701660156,484.85333251953125
2024-02-06,187.92381286621094,486.2610778808594
2024-02-07,188.03302001953125,490.316650390625
2024-02-08,186.95095825195312,490.5332336425781
2024-02-09,187.71630859375,493.3682556152344
2024-02-12,186.02650451660156,493.15167236328125
2024-02-13,183.92919921875,486.3594970703125
2024-02-14,183.0445098876953,490.77935791015625
2024-02-15,182.7562713623047,494.16558837890625
2024-02-16,181.215576171875,491.7046813964844
2024-02-20,180.4700469970703,488.9975891113281
2024-02-21,181.22552490234375,489.4405517578125
2024-02-22,183.26319885253906,499.5697937011719
2024-02-23,181.42430114746094,499.914306640625
2024-02-26,180.0724639892578,498.0833740234375
2024-02-27,181.5336456298828,499.0086669921875
2024-02-28,180.33090209960938,498.3491516113281
2024-02-29,179.6649627685547,500.1407165527344
2024-03-01,178.58148193359375,504.8361511230469
2024-03-04,174.04885864257812,504.2947692871094
2024-03-05,169.09873962402344,499.2547607421875
2024-03-06,168.10475158691406,501.7846374511719
2024-03-07,167.9854736328125,506.76556396484375
2024-03-08,169.705078125,503.72381591796875
2024-03-11,171.71295166015625,503.2906799316406
2024-03-12,172.1900634765625,508.7048034667969
2024-03-13,170.10269165039062,507.90740966796875
2024-03-14,171.96145629882812,506.90338134765625
2024-03-15,171.58372497558594,503.42266845703125
2024-03-18,172.6771240234375,506.4145812988281
2024-03-19,175.02296447753906,509.22882080078125
2024-03-20,177.59742736816406,513.9388427734375
2024-03-21,170.3412322998047,515.63720703125
2024-03-22,171.24578857421875,514.65966796875
2024-03-25,169.82435607910156,513.23779296875
2024-03-26,168.6912078857422,512.289794921875
2024-03-27,172.26959228515625,516.5950927734375
2024-03-28,170.45057678222656,516.496337890625
2024-04-01,169.00929260253906,515.59765625
2024-04-02,167.82644653320312,512.3195190429688
2024-04-03,168.63156127929688,512.8822631835938
2024-04-04,167.80654907226562,506.6219787597656
2024-04-05,168.56199645996094,511.91455078125
2024-04-08,167.4387664794922,512.200927734375
2024-04-09,168.65145874023438,512.79345703125
2024-04-10,166.77281188964844,507.65875244140625
2024-04-11,173.9892120361328,511.4900207519531
2024-04-12,175.4901580810547,504.4298400878906
2024-04-15,171.6533203125,498.11029052734375
2024-04-16,168.36318969726562,497.20184326171875
2024-04-17,166.99147033691406,494.25927734375
2024-04-18,166.0372314453125,493.2422790527344
2024-04-19,164.0094757080078,488.9370422363281
2024-04-22,164.8444366455078,493.4397277832031
2024-04-23,165.89805603027344,499.2951965332031
2024-04-24,168.00535583496094,499.0582275390625
2024-04-25,168.87013244628906,497.162353515625
2024-04-26,168.28366088867188,501.8724365234375
2024-04-29,172.4584503173828,503.6498107910156
2024-04-30,169.30747985839844,495.6713562011719
2024-05-01,168.28366088867188,494.06182861328125
2024-05-02,171.9912872314453,498.6830139160156
2024-05-03,182.27914428710938,504.86431884765625
2024-05-06,180.6191864013672,510.0780029296875
2024-05-07,181.30502319335938,510.6408386230469
2024-05-08,181.6429901123047,510.6901550292969
2024-05-09,183.46200561523438,513.6326904296875
2024-05-10,182.19790649414062,514.2943115234375
2024-05-13,185.41287231445312,514.3634033203125
2024-05-14,186.55752563476562,516.7233276367188
2024-05-15,188.8368682861328,523.1220092773438
2024-05-16,188.956298828125,522.0455932617188
2024-05-17,188.98617553710938,522.7960815429688
2024-05-20,190.15072631835938,523.3984375
2024-05-21,191.4546356201172,524.68212890625
2024-05-22,190.01136779785156,523.17138671875
2024-05-23,186.0100860595703,519.3499755859375
2024-05-24,189.0956573486328,522.7862548828125
2024-05-28,189.10560607910156,523.151611328125
2024-05-29,189.4042205810547,519.4882202148438
2024-05-30,190.39956665039062,516.0420532226562
2024-05-31,191.35508728027344,520.7421875
2024-06-03,193.12680053710938,521.1668701171875
2024-06-04,193.44532775878906,521.7494506835938
2024-06-05,194.95823669433594,527.950439453125
2024-06-06,193.57470703125,527.9406127929688
2024-06-07,195.97349548339844,527.298828125
2024-06-10,192.22103881835938,528.9280395507812
2024-06-11,206.1857147216797,530.2018432617188
2024-06-12,212.07818603515625,534.5564575195312
2024-06-13,213.24273681640625,535.6326904296875
2024-06-14,211.50088500976562,535.9585571289062
2024-06-17,215.6614227294922,540.2242431640625
2024-06-18,213.29248046875,541.5967407226562
2024-06-20,208.7039337158203,540.1255493164062
2024-06-21,206.524169921875,539.4014282226562
2024-06-24,207.17112731933594,537.64794921875
2024-06-25,208.0968017578125,539.7184448242188
2024-06-26,212.25733947753906,540.39208984375
2024-06-27,213.1033935546875,541.2439575195312
2024-06-28,209.6395721435547,539.1140747070312
2024-07-01,215.7410430908203,540.2236328125
2024-07-02,219.24465942382812,543.8591918945312
2024-07-03,220.51870727539062,546.2862548828125
2024-07-05,225.28639221191406,549.4363403320312
2024-07-08,226.75953674316406,550.0703735351562
2024-07-09,227.61550903320312,550.6053466796875
2024-07-10,231.89549255371094,556.0537109375
2024-07-11,226.51071166992188,551.259033203125
2024-07-12,229.4668426513672,554.7361450195312
2024-07-15,233.3088836669922,556.2617797851562
2024-07-16,233.7269287109375,559.5604248046875
2024-07-17,227.81459045410156,551.7147827148438
2024-07-18,223.13644409179688,547.4749145507812
2024-07-19,223.26585388183594,543.83935546875
2024-07-22,222.91749572753906,549.4463500976562
2024-07-23,223.9626007080078,548.5844116210938
2024-07-24,217.522705078125,536.1521606445312
2024-07-25,216.4776153564453,533.358642578125
2024-07-26,216.94541931152344,539.33203125
2024-07-29,217.22412109375,539.6491088867188
2024-07-30,217.781494140625,536.9149169921875
2024-07-31,221.04623413085938,545.6422729492188
2024-08-01,217.3435516357422,537.91552734375
2024-08-02,218.83657836914062,527.9003295898438
2024-08-05,208.29586791992188,512.5259399414062
2024-08-06,206.26535034179688,517.251220703125
2024-08-07,208.8433074951172,513.7939453125
2024-08-08,212.3170623779297,525.6714477539062
2024-08-09,215.23342895507812,527.989501953125
2024-08-12,216.76803588867188,528.2669067382812
2024-08-13,220.49493408203125,536.9545288085938
2024-08-14,220.943359375,538.6485595703125
2024-08-15,223.93284606933594,547.881103515625
2024-08-16,225.25819396972656,549.1094360351562
2024-08-19,225.0987548828125,554.3597412109375
2024-08-20,225.71656799316406,553.4583129882812
2024-08-21,225.60696411132812,555.3602905273438
2024-08-22,223.74351501464844,551.0015258789062
2024-08-23,226.04541015625,556.8561401367188
2024-08-26,226.3842315673828,555.5286254882812
2024-08-27,227.2312469482422,556.2914428710938
2024-08-28,225.69664001464844,553.0620727539062
2024-08-29,228.98507690429688,553.1115112304688
2024-08-30,228.19786071777344,558.3915405273438
2024-09-03,221.9896697998047,546.900390625
2024-09-04,220.076416015625,545.7809448242188
2024-09-05,221.60104370117188,544.4535522460938
2024-09-06,220.0465087890625,535.2903442382812
2024-09-09,220.13619995117188,541.2835693359375
2024-09-10,219.3389892578125,543.6412353515625
2024-09-11,221.88006591796875,549.2183837890625
2024-09-12,221.9896697998047,553.8446044921875
2024-09-13,221.7206268310547,556.7371826171875
2024-09-16,215.56228637695312,557.5594482421875
2024-09-17,216.03062438964844,557.7872924804688
2024-09-18,219.91696166992188,556.1329956054688
2024-09-19,228.06829833984375,565.623046875
2024-09-20,227.40065002441406,564.6453247070312
2024-09-23,225.67672729492188,566.0562744140625
2024-09-24,226.5735626220703,567.6759033203125
2024-09-25,225.57705688476562,566.4239501953125
2024-09-26,226.72303771972656,568.6696166992188
2024-09-27,226.99209594726562,567.8448486328125
2024-09-30,232.18385314941406,570.120361328125
2024-10-01,225.41763305664062,565.012939453125
2024-10-02,225.98562622070312,565.25146484375
2024-10-03,224.87950134277344,564.2180786132812
2024-10-04,226.0055694580078,569.3452758789062
2024-10-07,220.91346740722656,564.1981811523438
2024-10-08,224.9791717529297,569.5341186523438
2024-10-09,228.7359619140625,573.4789428710938
2024-10-10,228.2377166748047,572.475341796875
2024-10-11,226.7529296875,575.9034423828125
2024-10-14,230.48980712890625,580.6134033203125
2024-10-15,233.03086853027344,576.1021728515625
2024-10-16,230.96810913085938,578.606201171875
2024-10-17,231.33682250976562,578.6558227539062
2024-10-18,234.1768341064453,580.8816528320312
2024-10-21,235.6516571044922,579.927734375
2024-10-22,235.03382873535156,579.6197509765625
2024-10-23,229.95169067382812,574.3235473632812
2024-10-24,229.76235961914062,575.5655517578125
2024-10-25,230.5994110107422,575.3668212890625
2024-10-28,232.5824432373047,577.1455688476562
2024-10-29,232.85150146484375,578.0795288085938
2024-10-30,229.29400634765625,576.3307495117188
2024-10-31,225.11868286132812,565.0328979492188
2024-11-01,222.12918090820312,567.4176025390625
2024-11-04,221.23233032226562,566.1953735351562
2024-11-05,222.66729736328125,573.041748046875
2024-11-06,221.93984985351562,587.290771484375
2024-11-07,226.68316650390625,591.8317260742188
2024-11-08,226.41383361816406,594.3953857421875
2024-11-11,223.69039916992188,594.9617309570312
2024-11-12,223.69039916992188,593.1136474609375
2024-11-13,224.5782470703125,593.4017333984375
2024-11-14,227.67079162597656,589.5860595703125
2024-11-15,224.4585418701172,582.0343017578125
2024-11-18,227.4712677001953,584.4190673828125
2024-11-19,227.73065185546875,586.555419921875
2024-11-20,228.44891357421875,586.754150390625
2024-11-21,227.97007751464844,589.904052734375
2024-11-22,229.3168182373047,591.732421875
2024-11-25,232.30960083007812,593.7396240234375
2024-11-26,234.49432373046875,596.8397827148438
2024-11-27,234.36463928222656,595.0313110351562
2024-11-29,236.7588653564453,598.7277221679688
2024-12-02,239.013427734375,599.8009033203125
2024-12-03,242.06607055664062,600.0790405273438
2024-12-04,242.42520141601562,603.8052978515625
2024-12-05,242.4551239013672,602.8116455078125
2024-12-06,242.25559997558594,603.954345703125
2024-12-09,246.1562042236328,600.8441772460938
2024-12-10,247.1737518310547,598.9761352539062
2024-12-11,245.89683532714844,603.6065673828125
2024-12-12,247.36329650878906,600.4964599609375
2024-12-13,247.5328826904297,600.3772583007812
2024-12-16,250.43588256835938,602.9407958984375
2024-12-17,252.8699951171875,600.4566650390625
2024-12-18,247.4530792236328,582.5609741210938
2024-12-19,249.1888885498047,582.3820190429688
2024-12-20,253.87759399414062,589.3770751953125
2024-12-23,254.6557159423828,592.9064331054688
2024-12-24,257.57867431640625,599.49658203125
2024-12-26,258.39666748046875,599.5364990234375
2024-12-27,254.9749298095703,593.2254638671875
2024-12-30,251.59307861328125,586.455810546875
2024-12-31,249.81736755371094,584.322265625
